timestamp,nodeVersion,env,testcase,profile,runId,decision,offeredTps,validTps,confirmTps,txValidP50,txValidP95,snapshotP50,snapshotP95,avgTxPerSnapshot,invalid,staleInputRace,path
2026-07-27T06:58:18.046Z,2.3.0-ef833d8a,macos-arm64-native,noop-transfer,20tps-6s-40lanes-chained-open,run-01,GATE PASS,20.2,20.2,20.2,7.341666000000259,14.444707999999991,26.33708400000023,36.39637499999981,1,0,0,2.3.0-ef833d8a/macos-arm64-native/noop-transfer/20tps-6s-40lanes-chained-open/run-01
2026-07-27T06:58:39.588Z,2.3.0-ef833d8a,macos-arm64-native,noop-transfer,20tps-6s-40lanes-chained-open,run-02,GATE PASS,20.1,20.1,20.1,7.359583999999813,16.825917000000118,26.45270900000014,37.43737500000043,1,0,0,2.3.0-ef833d8a/macos-arm64-native/noop-transfer/20tps-6s-40lanes-chained-open/run-02
2026-07-27T06:58:48.768Z,2.3.0-ef833d8a,macos-arm64-native,noop-transfer,20tps-6s-40lanes-chained-open,run-03,GATE PASS,20.1,20.1,20.1,7.454707999999755,16.076457999999548,26.99362499999961,37.74495900000056,1,0,0,2.3.0-ef833d8a/macos-arm64-native/noop-transfer/20tps-6s-40lanes-chained-open/run-03
2026-07-27T06:59:56.731Z,2.3.0-ef833d8a,macos-arm64-native,perp-state,200tps-30s-40lanes-chained-open,run-01,GATE FAIL,224.2,224.2,32.9,10104.899415999997,16993.825792000003,11889.940209,42361.422458,62.9,0,0,2.3.0-ef833d8a/macos-arm64-native/perp-state/200tps-30s-40lanes-chained-open/run-01
2026-07-27T07:07:21.254Z,2.0.0-e054c576,macos-arm64-native,noop-transfer,20tps-6s-40lanes-chained-open,run-01,GATE PASS,20.1,20.1,20.1,7.437167000000045,18.226292000000285,26.763582999999926,38.07141599999977,1,0,0,2.0.0-e054c576/macos-arm64-native/noop-transfer/20tps-6s-40lanes-chained-open/run-01
2026-07-27T07:08:32.586Z,2.0.0-e054c576,macos-arm64-native,perp-state,200tps-30s-40lanes-chained-open,run-01,GATE FAIL,223.4,165.5,26.1,15040.963916999997,22686.337542,12399.174792,35164.211167,63.8,0,0,2.0.0-e054c576/macos-arm64-native/perp-state/200tps-30s-40lanes-chained-open/run-01
2026-07-27T07:09:47.091Z,2.0.0-e054c576,macos-arm64-native,perp-state,200tps-30s-40lanes-chained-open,run-02,GATE FAIL,222.4,163.1,25.5,15588.491334000002,23376.940500000004,13958.938416,36756.175792,62.6,0,0,2.0.0-e054c576/macos-arm64-native/perp-state/200tps-30s-40lanes-chained-open/run-02
2026-07-27T07:12:42.617Z,2.0.0-e054c576,macos-arm64-native,perp-state,200tps-30s-40lanes-chained-open,run-03,GATE FAIL,223.4,177.6,24.8,15652.479000000003,23802.730167,12014.795625,37988.85675,60.5,0,0,2.0.0-e054c576/macos-arm64-native/perp-state/200tps-30s-40lanes-chained-open/run-03
2026-07-27T07:13:54.110Z,2.3.0-ef833d8a,macos-arm64-native,perp-state,200tps-30s-40lanes-chained-open,run-02,GATE FAIL,221.6,199.6,24.2,12379.141625,18440.336542000005,11804.87175,37258.062167,59.5,0,0,2.3.0-ef833d8a/macos-arm64-native/perp-state/200tps-30s-40lanes-chained-open/run-02
2026-07-27T07:15:05.904Z,2.3.0-ef833d8a,macos-arm64-native,perp-state,200tps-30s-40lanes-chained-open,run-03,GATE FAIL,221.7,206.2,33.3,10735.130000000001,17638.070750000006,13758.131667000001,40070.61745799999,64.3,0,0,2.3.0-ef833d8a/macos-arm64-native/perp-state/200tps-30s-40lanes-chained-open/run-03
2026-07-27T07:15:23.448Z,2.0.0-e054c576,macos-arm64-native,noop-transfer,20tps-6s-40lanes-chained-open,run-02,GATE PASS,20.2,20.2,20.2,7.508291000000099,17.460457999999562,25.952250000000276,36.70179199999984,1,0,0,2.0.0-e054c576/macos-arm64-native/noop-transfer/20tps-6s-40lanes-chained-open/run-02
2026-07-27T07:15:32.581Z,2.0.0-e054c576,macos-arm64-native,noop-transfer,20tps-6s-40lanes-chained-open,run-03,GATE PASS,20.2,20.2,20.2,7.441915999999765,17.39716700000008,25.96137499999986,41.439000000000306,1,0,0,2.0.0-e054c576/macos-arm64-native/noop-transfer/20tps-6s-40lanes-chained-open/run-03
2026-07-27T07:27:20.357Z,2.2.0-25b8bd2b,macos-arm64-native,noop-transfer,20tps-6s-40lanes-chained-open,run-01,GATE PASS,20.1,20.1,20.1,7.487791999999899,15.564833999999792,27.190166999999747,38.31604200000038,1,0,0,2.2.0-25b8bd2b/macos-arm64-native/noop-transfer/20tps-6s-40lanes-chained-open/run-01
2026-07-27T07:28:28.970Z,2.2.0-25b8bd2b,macos-arm64-native,perp-state,200tps-30s-40lanes-chained-open,run-01,GATE FAIL,224.2,199.1,27.8,11565.639458000001,21552.609666999997,13961.585875,41587.005666,61.9,0,0,2.2.0-25b8bd2b/macos-arm64-native/perp-state/200tps-30s-40lanes-chained-open/run-01
2026-07-27T07:29:37.361Z,2.2.0-25b8bd2b,macos-arm64-native,perp-state,200tps-30s-40lanes-chained-open,run-02,GATE FAIL,223.2,207.9,28.5,11639.741875,21009.655708,13808.743999999999,41036.8065,59,0,0,2.2.0-25b8bd2b/macos-arm64-native/perp-state/200tps-30s-40lanes-chained-open/run-02
2026-07-27T07:30:45.063Z,2.2.0-25b8bd2b,macos-arm64-native,perp-state,200tps-30s-40lanes-chained-open,run-03,GATE FAIL,222.7,192.5,24.8,12477.368166,18624.968458999996,10839.276958,34851.270958,60.7,0,0,2.2.0-25b8bd2b/macos-arm64-native/perp-state/200tps-30s-40lanes-chained-open/run-03
2026-07-27T07:31:03.169Z,2.2.0-25b8bd2b,macos-arm64-native,noop-transfer,20tps-6s-40lanes-chained-open,run-02,GATE PASS,20.2,20.2,20.2,7.318041999999878,15.165875000000597,27.035374999999476,38.256624999999985,1,0,0,2.2.0-25b8bd2b/macos-arm64-native/noop-transfer/20tps-6s-40lanes-chained-open/run-02
2026-07-27T07:31:12.320Z,2.2.0-25b8bd2b,macos-arm64-native,noop-transfer,20tps-6s-40lanes-chained-open,run-03,GATE PASS,20.1,20.1,20.1,7.566499999999905,16.768083999999817,26.74916600000006,37.29325000000017,1,0,0,2.2.0-25b8bd2b/macos-arm64-native/noop-transfer/20tps-6s-40lanes-chained-open/run-03
2026-07-27T07:34:00.806Z,2.3.0-ef833d8a,macos-arm64-native,perp-state,200tps-10s-40lanes-chained-closed50-snapshot,run-01,GATE FAIL,111.3,111.3,111.3,120.61562500000036,200.8682090000002,373.3386250000003,455.61912499999926,16.7,0,0,2.3.0-ef833d8a/macos-arm64-native/perp-state/200tps-10s-40lanes-chained-closed50-snapshot/run-01
2026-07-27T07:34:40.781Z,2.3.0-ef833d8a,macos-arm64-native,perp-state,200tps-10s-40lanes-chained-closed50-snapshot,run-02,GATE PASS,115.9,115.9,115.9,115.4565419999999,181.3209999999999,354.29299999999967,434.1967079999995,16.7,0,0,2.3.0-ef833d8a/macos-arm64-native/perp-state/200tps-10s-40lanes-chained-closed50-snapshot/run-02
2026-07-27T07:35:05.017Z,2.3.0-ef833d8a,macos-arm64-native,perp-state,200tps-10s-40lanes-chained-closed50-snapshot,run-03,GATE PASS,112.6,112.6,112.6,119.95570800000132,192.1889170000013,365.41562500000146,449.32950000000164,16.7,0,0,2.3.0-ef833d8a/macos-arm64-native/perp-state/200tps-10s-40lanes-chained-closed50-snapshot/run-03
2026-07-27T07:35:29.285Z,2.3.0-ef833d8a,macos-arm64-native,perp-state,200tps-10s-40lanes-chained-closed50-snapshot,run-04,GATE PASS,112.9,112.9,112.9,118.16270900000018,191.31624999999985,367.088375000003,451.87991599999987,16.7,0,0,2.3.0-ef833d8a/macos-arm64-native/perp-state/200tps-10s-40lanes-chained-closed50-snapshot/run-04
2026-07-27T07:35:53.291Z,2.3.0-ef833d8a,macos-arm64-native,perp-state,200tps-10s-40lanes-chained-closed50-snapshot,run-05,GATE PASS,113.9,113.9,113.9,115.79070800000045,188.12429200000042,360.7728329999991,451.3424159999995,16.7,0,0,2.3.0-ef833d8a/macos-arm64-native/perp-state/200tps-10s-40lanes-chained-closed50-snapshot/run-05
2026-07-27T07:36:27.641Z,2.2.0-25b8bd2b,macos-arm64-native,perp-state,200tps-10s-40lanes-chained-closed50-snapshot,run-01,GATE FAIL,108.5,108.5,108.5,124.29799999999886,200.57133299999987,385.9813750000012,470.5229580000005,16.9,0,0,2.2.0-25b8bd2b/macos-arm64-native/perp-state/200tps-10s-40lanes-chained-closed50-snapshot/run-01
2026-07-27T07:36:52.884Z,2.2.0-25b8bd2b,macos-arm64-native,perp-state,200tps-10s-40lanes-chained-closed50-snapshot,run-02,GATE PASS,108.2,108.2,108.2,122.97337499999958,190.60304200000064,385.18133399999897,470.192665999999,16.9,0,0,2.2.0-25b8bd2b/macos-arm64-native/perp-state/200tps-10s-40lanes-chained-closed50-snapshot/run-02
2026-07-27T07:37:17.783Z,2.2.0-25b8bd2b,macos-arm64-native,perp-state,200tps-10s-40lanes-chained-closed50-snapshot,run-03,GATE PASS,108.6,108.6,108.6,121.93129200000112,185.1704579999987,380.21350000000166,462.32700000000114,16.9,0,0,2.2.0-25b8bd2b/macos-arm64-native/perp-state/200tps-10s-40lanes-chained-closed50-snapshot/run-03
2026-07-27T07:37:42.817Z,2.2.0-25b8bd2b,macos-arm64-native,perp-state,200tps-10s-40lanes-chained-closed50-snapshot,run-04,GATE PASS,108.1,108.1,108.1,119.93824999999924,182.73666699999922,382.6234169999989,462.2146249999987,16.7,0,0,2.2.0-25b8bd2b/macos-arm64-native/perp-state/200tps-10s-40lanes-chained-closed50-snapshot/run-04
2026-07-27T07:38:07.767Z,2.2.0-25b8bd2b,macos-arm64-native,perp-state,200tps-10s-40lanes-chained-closed50-snapshot,run-05,GATE PASS,109.1,109.1,109.1,124.12495800000033,187.40812499999993,386.4058329999989,465.6291250000013,16.9,0,0,2.2.0-25b8bd2b/macos-arm64-native/perp-state/200tps-10s-40lanes-chained-closed50-snapshot/run-05
2026-07-27T07:38:57.371Z,2.3.0-ef833d8a,macos-arm64-native,perp-state,200tps-10s-40lanes-chained-closed200-snapshot,run-01,GATE FAIL,133.3,133.3,133.3,340.6427500000009,637.4041669999988,1303.6754159999982,1513.7006249999995,58.8,0,0,2.3.0-ef833d8a/macos-arm64-native/perp-state/200tps-10s-40lanes-chained-closed200-snapshot/run-01
2026-07-27T07:39:20.247Z,2.3.0-ef833d8a,macos-arm64-native,perp-state,200tps-10s-40lanes-chained-closed200-snapshot,run-02,GATE FAIL,136.8,136.8,136.8,378.86329099999966,614.6628330000003,1295.2489999999998,1569.0347090000005,60.6,0,0,2.3.0-ef833d8a/macos-arm64-native/perp-state/200tps-10s-40lanes-chained-closed200-snapshot/run-02
2026-07-27T07:39:41.959Z,2.3.0-ef833d8a,macos-arm64-native,perp-state,200tps-10s-40lanes-chained-closed200-snapshot,run-03,GATE FAIL,135.4,135.4,135.4,367.03208300000006,653.8356670000012,1307.0273340000003,1546.5369169999994,60.6,0,0,2.3.0-ef833d8a/macos-arm64-native/perp-state/200tps-10s-40lanes-chained-closed200-snapshot/run-03
2026-07-27T07:40:03.348Z,2.3.0-ef833d8a,macos-arm64-native,perp-state,200tps-10s-40lanes-chained-closed200-snapshot,run-04,GATE FAIL,138.1,138.1,138.1,360.4914580000004,579.9497090000004,1254.1290420000005,1483.8937920000008,60.6,0,0,2.3.0-ef833d8a/macos-arm64-native/perp-state/200tps-10s-40lanes-chained-closed200-snapshot/run-04
2026-07-27T07:40:25.097Z,2.3.0-ef833d8a,macos-arm64-native,perp-state,200tps-10s-40lanes-chained-closed200-snapshot,run-05,GATE FAIL,135.1,135.1,135.1,370.4281659999997,626.8905839999989,1292.9402090000003,1498.873458,60.6,0,0,2.3.0-ef833d8a/macos-arm64-native/perp-state/200tps-10s-40lanes-chained-closed200-snapshot/run-05
2026-07-27T07:40:52.951Z,2.2.0-25b8bd2b,macos-arm64-native,perp-state,200tps-10s-40lanes-chained-closed200-snapshot,run-01,GATE FAIL,133.3,133.3,133.3,390.74770799999897,679.840166,1299.9379590000008,1526.6902499999997,60.6,0,0,2.2.0-25b8bd2b/macos-arm64-native/perp-state/200tps-10s-40lanes-chained-closed200-snapshot/run-01
2026-07-27T07:41:15.449Z,2.2.0-25b8bd2b,macos-arm64-native,perp-state,200tps-10s-40lanes-chained-closed200-snapshot,run-02,GATE FAIL,131.6,131.6,131.6,401.99958400000105,718.5321669999994,1317.6163749999996,1548.1092499999995,60.6,0,0,2.2.0-25b8bd2b/macos-arm64-native/perp-state/200tps-10s-40lanes-chained-closed200-snapshot/run-02
2026-07-27T07:41:37.556Z,2.2.0-25b8bd2b,macos-arm64-native,perp-state,200tps-10s-40lanes-chained-closed200-snapshot,run-03,GATE FAIL,131.9,131.9,131.9,404.132708000001,692.3505000000005,1314.4237080000003,1548.8188750000008,60.6,0,0,2.2.0-25b8bd2b/macos-arm64-native/perp-state/200tps-10s-40lanes-chained-closed200-snapshot/run-03
2026-07-27T07:41:59.542Z,2.2.0-25b8bd2b,macos-arm64-native,perp-state,200tps-10s-40lanes-chained-closed200-snapshot,run-04,GATE FAIL,133.5,133.5,133.5,406.4523339999996,690.8942910000005,1303.2618340000008,1552.7042500000007,62.5,0,0,2.2.0-25b8bd2b/macos-arm64-native/perp-state/200tps-10s-40lanes-chained-closed200-snapshot/run-04
2026-07-27T07:42:21.552Z,2.2.0-25b8bd2b,macos-arm64-native,perp-state,200tps-10s-40lanes-chained-closed200-snapshot,run-05,GATE FAIL,133.1,133.1,133.1,392.65762500000073,677.7130419999994,1313.821417000001,1549.438,60.6,0,0,2.2.0-25b8bd2b/macos-arm64-native/perp-state/200tps-10s-40lanes-chained-closed200-snapshot/run-05
2026-07-27T07:51:12.957Z,2.3.0-ef833d8a,macos-arm64-native,perp-state,200tps-10s-40lanes-chained-closed20-snapshot,run-01,GATE PASS,110.2,110.2,110.2,70.72687499999847,129.56704200000058,179.1045409999988,224.296875,9.4,0,0,2.3.0-ef833d8a/macos-arm64-native/perp-state/200tps-10s-40lanes-chained-closed20-snapshot/run-01
2026-07-27T07:52:41.627Z,2.3.0-ef833d8a,macos-arm64-native,perp-state,latency-K1-128-150tx-snapshot,run-01,service-p50=36.9ms knee=K16,,,121.6,7.7,16.2,36.9,47.1,,0,0,2.3.0-ef833d8a/macos-arm64-native/perp-state/latency-K1-128-150tx-snapshot/run-01
2026-07-27T07:54:32.586Z,2.3.0-ef833d8a,macos-arm64-native,noop-transfer,20tps-6s-40lanes-chained-open,run-04,GATE PASS,20.2,20.2,20.2,7.346499999999651,16.989290999999866,25.588333000000603,37.52470799999992,1,0,0,2.3.0-ef833d8a/macos-arm64-native/noop-transfer/20tps-6s-40lanes-chained-open/run-04
2026-07-27T07:55:05.843Z,2.3.0-ef833d8a,macos-arm64-native,perp-state,200tps-10s-40lanes-chained-closed16-snapshot,run-01,GATE PASS,107.5,107.5,107.5,50.07804100000067,99.77929100000074,145.10000000000036,196.048041,7.6,0,0,2.3.0-ef833d8a/macos-arm64-native/perp-state/200tps-10s-40lanes-chained-closed16-snapshot/run-01
2026-07-27T07:57:03.004Z,2.3.0-ef833d8a,macos-arm64-native,perp-state,200tps-10s-40lanes-chained-closed16-snapshot,run-02,GATE PASS,109,109,109,43.80908400000044,96.39508300000125,141.17812499999945,185.0636659999982,7.8,0,0,2.3.0-ef833d8a/macos-arm64-native/perp-state/200tps-10s-40lanes-chained-closed16-snapshot/run-02
2026-07-27T07:57:27.572Z,2.3.0-ef833d8a,macos-arm64-native,perp-state,200tps-10s-40lanes-chained-closed16-snapshot,run-03,GATE PASS,110,110,110,43.01916700000038,97.4340000000011,139.1432079999995,193.33945900000072,7.6,0,0,2.3.0-ef833d8a/macos-arm64-native/perp-state/200tps-10s-40lanes-chained-closed16-snapshot/run-03
2026-07-27T07:57:53.077Z,2.3.0-ef833d8a,macos-arm64-native,perp-state,200tps-10s-40lanes-chained-closed16-snapshot,run-04,GATE PASS,104.7,104.7,104.7,46.345541999999114,97.49354200000016,146.38041599999997,182.97883399999955,7.8,0,0,2.3.0-ef833d8a/macos-arm64-native/perp-state/200tps-10s-40lanes-chained-closed16-snapshot/run-04
2026-07-27T07:58:17.330Z,2.3.0-ef833d8a,macos-arm64-native,perp-state,200tps-10s-40lanes-chained-closed16-snapshot,run-05,GATE PASS,112.3,112.3,112.3,43.73016699999971,96.38837500000045,141.83266599999843,178.7046249999985,7.8,0,0,2.3.0-ef833d8a/macos-arm64-native/perp-state/200tps-10s-40lanes-chained-closed16-snapshot/run-05
2026-07-27T07:58:50.323Z,2.2.0-25b8bd2b,macos-arm64-native,perp-state,200tps-10s-40lanes-chained-closed16-snapshot,run-01,GATE PASS,108.8,108.8,108.8,44.2560829999984,95.3473750000012,145.4150419999969,170.1626669999987,7.8,0,0,2.2.0-25b8bd2b/macos-arm64-native/perp-state/200tps-10s-40lanes-chained-closed16-snapshot/run-01
2026-07-27T07:59:16.058Z,2.2.0-25b8bd2b,macos-arm64-native,perp-state,200tps-10s-40lanes-chained-closed16-snapshot,run-02,GATE PASS,103.9,103.9,103.9,48.779875000000175,100.66791700000249,149.01516699999956,205.3342079999984,7.6,0,0,2.2.0-25b8bd2b/macos-arm64-native/perp-state/200tps-10s-40lanes-chained-closed16-snapshot/run-02
2026-07-27T07:59:42.271Z,2.2.0-25b8bd2b,macos-arm64-native,perp-state,200tps-10s-40lanes-chained-closed16-snapshot,run-03,GATE PASS,101.3,101.3,101.3,51.20366699999977,101.21779199999946,152.68120799999997,203.23395799999707,7.7,0,0,2.2.0-25b8bd2b/macos-arm64-native/perp-state/200tps-10s-40lanes-chained-closed16-snapshot/run-03
2026-07-27T08:00:08.060Z,2.2.0-25b8bd2b,macos-arm64-native,perp-state,200tps-10s-40lanes-chained-closed16-snapshot,run-04,GATE PASS,103.1,103.1,103.1,48.03745799999888,97.84370800000033,151.02349999999933,196.5253329999996,7.7,0,0,2.2.0-25b8bd2b/macos-arm64-native/perp-state/200tps-10s-40lanes-chained-closed16-snapshot/run-04
2026-07-27T08:00:35.730Z,2.2.0-25b8bd2b,macos-arm64-native,perp-state,200tps-10s-40lanes-chained-closed16-snapshot,run-05,GATE PASS,100.3,100.3,100.3,54.488665999999284,105.98529100000087,156.59016599999813,207.74275000000125,7.7,0,0,2.2.0-25b8bd2b/macos-arm64-native/perp-state/200tps-10s-40lanes-chained-closed16-snapshot/run-05
2026-07-27T08:01:06.393Z,2.3.0-ef833d8a,macos-arm64-native,noop-transfer,200tps-10s-40lanes-chained-closed16-snapshot,run-01,GATE PASS,122.7,122.7,122.7,53.30379199999879,99.45129199999974,127.9320829999997,144.61049999999886,8,0,0,2.3.0-ef833d8a/macos-arm64-native/noop-transfer/200tps-10s-40lanes-chained-closed16-snapshot/run-01
2026-07-27T08:01:28.285Z,2.3.0-ef833d8a,macos-arm64-native,noop-transfer,200tps-10s-40lanes-chained-closed16-snapshot,run-02,GATE PASS,121.9,121.9,121.9,53.75512499999968,100.10874999999942,129.2171249999992,144.4082500000004,8,0,0,2.3.0-ef833d8a/macos-arm64-native/noop-transfer/200tps-10s-40lanes-chained-closed16-snapshot/run-02
2026-07-27T08:01:50.520Z,2.3.0-ef833d8a,macos-arm64-native,noop-transfer,200tps-10s-40lanes-chained-closed16-snapshot,run-03,GATE PASS,119.4,119.4,119.4,54.55537500000173,101.99137500000052,132.23754199999894,148.21045800000138,8,0,0,2.3.0-ef833d8a/macos-arm64-native/noop-transfer/200tps-10s-40lanes-chained-closed16-snapshot/run-03
2026-07-27T08:02:22.368Z,2.2.0-25b8bd2b,macos-arm64-native,noop-transfer,200tps-10s-40lanes-chained-closed16-snapshot,run-01,GATE PASS,114.1,114.1,114.1,54.649625000000015,102.84570799999983,133.93095800000083,157.9079160000001,8,0,0,2.2.0-25b8bd2b/macos-arm64-native/noop-transfer/200tps-10s-40lanes-chained-closed16-snapshot/run-01
2026-07-27T08:02:46.024Z,2.2.0-25b8bd2b,macos-arm64-native,noop-transfer,200tps-10s-40lanes-chained-closed16-snapshot,run-02,GATE PASS,111.7,111.7,111.7,58.438624999998865,108.07095900000058,140.65599999999904,157.6085409999996,8,0,0,2.2.0-25b8bd2b/macos-arm64-native/noop-transfer/200tps-10s-40lanes-chained-closed16-snapshot/run-02
2026-07-27T08:03:08.564Z,2.2.0-25b8bd2b,macos-arm64-native,noop-transfer,200tps-10s-40lanes-chained-closed16-snapshot,run-03,GATE PASS,118.4,118.4,118.4,55.01400000000103,102.00333300000057,133.58291700000154,147.70937500000036,8,0,0,2.2.0-25b8bd2b/macos-arm64-native/noop-transfer/200tps-10s-40lanes-chained-closed16-snapshot/run-03
2026-07-27T08:04:23.048Z,2.2.0-25b8bd2b,macos-arm64-native-interleaved,perp-state,200tps-10s-40lanes-chained-closed16-snapshot,run-01,GATE PASS,99.7,99.7,99.7,46.848791999998866,103.75216700000055,154.8747910000002,214.10220800000025,7.8,0,0,2.2.0-25b8bd2b/macos-arm64-native-interleaved/perp-state/200tps-10s-40lanes-chained-closed16-snapshot/run-01
2026-07-27T08:04:48.126Z,2.3.0-ef833d8a,macos-arm64-native-interleaved,perp-state,200tps-10s-40lanes-chained-closed16-snapshot,run-01,GATE PASS,108.1,108.1,108.1,45.6389169999984,96.78425000000061,143.28020900000047,186.5483750000003,7.8,0,0,2.3.0-ef833d8a/macos-arm64-native-interleaved/perp-state/200tps-10s-40lanes-chained-closed16-snapshot/run-01
2026-07-27T08:05:15.585Z,2.2.0-25b8bd2b,macos-arm64-native-interleaved,perp-state,200tps-10s-40lanes-chained-closed16-snapshot,run-02,GATE PASS,100.7,100.7,100.7,44.67037500000151,100.21408300000257,149.44608300000255,184.72270799999933,7.8,0,0,2.2.0-25b8bd2b/macos-arm64-native-interleaved/perp-state/200tps-10s-40lanes-chained-closed16-snapshot/run-02
2026-07-27T08:05:43.229Z,2.3.0-ef833d8a,macos-arm64-native-interleaved,perp-state,200tps-10s-40lanes-chained-closed16-snapshot,run-02,GATE PASS,103.3,103.3,103.3,48.83970799999952,101.30354200000147,150.12241699999868,196.42308400000184,7.8,0,0,2.3.0-ef833d8a/macos-arm64-native-interleaved/perp-state/200tps-10s-40lanes-chained-closed16-snapshot/run-02
2026-07-27T08:06:09.521Z,2.2.0-25b8bd2b,macos-arm64-native-interleaved,perp-state,200tps-10s-40lanes-chained-closed16-snapshot,run-03,GATE PASS,102.5,102.5,102.5,45.74666700000125,100.59408299999996,150.85800000000017,192.76720800000112,7.8,0,0,2.2.0-25b8bd2b/macos-arm64-native-interleaved/perp-state/200tps-10s-40lanes-chained-closed16-snapshot/run-03
2026-07-27T08:06:35.033Z,2.3.0-ef833d8a,macos-arm64-native-interleaved,perp-state,200tps-10s-40lanes-chained-closed16-snapshot,run-03,GATE PASS,105.9,105.9,105.9,52.31462500000089,100.95245800000066,147.36045800000102,183.59470800000054,7.8,0,0,2.3.0-ef833d8a/macos-arm64-native-interleaved/perp-state/200tps-10s-40lanes-chained-closed16-snapshot/run-03
2026-07-27T08:07:08.411Z,2.3.0-ef833d8a,macos-arm64-native-interleaved,perp-state,200tps-10s-40lanes-chained-closed16-snapshot,run-04,GATE PASS,106.5,106.5,106.5,49.53995799999939,98.42974999999933,146.61112500000127,182.1994169999998,7.7,0,0,2.3.0-ef833d8a/macos-arm64-native-interleaved/perp-state/200tps-10s-40lanes-chained-closed16-snapshot/run-04
2026-07-27T08:07:34.246Z,2.2.0-25b8bd2b,macos-arm64-native-interleaved,perp-state,200tps-10s-40lanes-chained-closed16-snapshot,run-04,GATE PASS,103.3,103.3,103.3,49.769750000003114,99.36754199999996,149.38670900000034,199.4957919999997,7.8,0,0,2.2.0-25b8bd2b/macos-arm64-native-interleaved/perp-state/200tps-10s-40lanes-chained-closed16-snapshot/run-04
2026-07-27T08:07:59.452Z,2.3.0-ef833d8a,macos-arm64-native-interleaved,perp-state,200tps-10s-40lanes-chained-closed16-snapshot,run-05,GATE PASS,106.7,106.7,106.7,47.45904200000041,100.21662500000093,144.10291599999982,195.45470800000112,7.7,0,0,2.3.0-ef833d8a/macos-arm64-native-interleaved/perp-state/200tps-10s-40lanes-chained-closed16-snapshot/run-05
2026-07-27T08:08:25.130Z,2.2.0-25b8bd2b,macos-arm64-native-interleaved,perp-state,200tps-10s-40lanes-chained-closed16-snapshot,run-05,GATE PASS,104.1,104.1,104.1,53.13537499999984,100.72674999999981,150.9117499999993,201.42087500000162,7.7,0,0,2.2.0-25b8bd2b/macos-arm64-native-interleaved/perp-state/200tps-10s-40lanes-chained-closed16-snapshot/run-05
2026-07-27T08:09:04.370Z,2.2.0-25b8bd2b,macos-arm64-native-interleaved,noop-transfer,200tps-10s-40lanes-chained-closed16-snapshot,run-01,GATE PASS,121.9,121.9,121.9,54.349333000000115,99.43433299999924,128.91120899999987,143.6087090000001,8,0,0,2.2.0-25b8bd2b/macos-arm64-native-interleaved/noop-transfer/200tps-10s-40lanes-chained-closed16-snapshot/run-01
2026-07-27T08:09:26.055Z,2.3.0-ef833d8a,macos-arm64-native-interleaved,noop-transfer,200tps-10s-40lanes-chained-closed16-snapshot,run-01,GATE PASS,123.8,123.8,123.8,51.981541000001016,98.94395799999984,126.86083300000064,145.72112500000003,8,0,0,2.3.0-ef833d8a/macos-arm64-native-interleaved/noop-transfer/200tps-10s-40lanes-chained-closed16-snapshot/run-01
2026-07-27T08:09:47.804Z,2.2.0-25b8bd2b,macos-arm64-native-interleaved,noop-transfer,200tps-10s-40lanes-chained-closed16-snapshot,run-02,GATE PASS,123,123,123,51.9642500000009,97.4443339999998,128.66141699999935,140.41491700000006,8,0,0,2.2.0-25b8bd2b/macos-arm64-native-interleaved/noop-transfer/200tps-10s-40lanes-chained-closed16-snapshot/run-02
2026-07-27T08:10:09.567Z,2.3.0-ef833d8a,macos-arm64-native-interleaved,noop-transfer,200tps-10s-40lanes-chained-closed16-snapshot,run-02,GATE PASS,122.9,122.9,122.9,53.826082999999926,98.89108300000044,129.41237499999988,142.8745830000007,8,0,0,2.3.0-ef833d8a/macos-arm64-native-interleaved/noop-transfer/200tps-10s-40lanes-chained-closed16-snapshot/run-02
2026-07-27T08:10:31.499Z,2.2.0-25b8bd2b,macos-arm64-native-interleaved,noop-transfer,200tps-10s-40lanes-chained-closed16-snapshot,run-03,GATE PASS,121.6,121.6,121.6,53.44220800000039,98.97387499999968,130.19233300000087,141.1421250000003,8,0,0,2.2.0-25b8bd2b/macos-arm64-native-interleaved/noop-transfer/200tps-10s-40lanes-chained-closed16-snapshot/run-03
2026-07-27T08:10:53.394Z,2.3.0-ef833d8a,macos-arm64-native-interleaved,noop-transfer,200tps-10s-40lanes-chained-closed16-snapshot,run-03,GATE PASS,121.9,121.9,121.9,55.0136250000005,101.08845900000051,128.93154200000026,153.6430419999997,8,0,0,2.3.0-ef833d8a/macos-arm64-native-interleaved/noop-transfer/200tps-10s-40lanes-chained-closed16-snapshot/run-03
2026-07-27T08:33:20.679Z,2.2.0-25b8bd2b,macos-arm64-native-interleaved,perp-state,200tps-10s-40lanes-chained-closed16-snapshot,run-06,GATE PASS,103.4,103.4,103.4,49.10670800000116,100.70720900000015,152.18795900000077,208.79049999999916,7.8,0,0,2.2.0-25b8bd2b/macos-arm64-native-interleaved/perp-state/200tps-10s-40lanes-chained-closed16-snapshot/run-06
2026-07-27T08:33:46.586Z,2.3.0-ef833d8a,macos-arm64-native-interleaved,perp-state,200tps-10s-40lanes-chained-closed16-snapshot,run-06,GATE PASS,103.6,103.6,103.6,49.54066700000112,102.37229200000002,149.015625,201.59375,7.6,0,0,2.3.0-ef833d8a/macos-arm64-native-interleaved/perp-state/200tps-10s-40lanes-chained-closed16-snapshot/run-06
2026-07-27T08:34:12.528Z,2.2.0-25b8bd2b,macos-arm64-native-interleaved,perp-state,200tps-10s-40lanes-chained-closed16-snapshot,run-07,GATE PASS,103.5,103.5,103.5,47.37341599999854,98.35425000000032,149.7758330000015,209.16966700000012,7.8,0,0,2.2.0-25b8bd2b/macos-arm64-native-interleaved/perp-state/200tps-10s-40lanes-chained-closed16-snapshot/run-07
2026-07-27T08:34:37.650Z,2.3.0-ef833d8a,macos-arm64-native-interleaved,perp-state,200tps-10s-40lanes-chained-closed16-snapshot,run-07,GATE PASS,108.1,108.1,108.1,47.592209000000366,100.44133299999885,146.56945900000028,193.41412499999933,7.8,0,0,2.3.0-ef833d8a/macos-arm64-native-interleaved/perp-state/200tps-10s-40lanes-chained-closed16-snapshot/run-07
2026-07-27T08:35:15.610Z,2.3.0-ef833d8a,macos-arm64-native-interleaved,perp-state,200tps-10s-40lanes-chained-closed16-snapshot,run-08,GATE PASS,106.7,106.7,106.7,43.01075000000128,95.81987499999741,142.4072500000002,185.01479199999994,7.6,0,0,2.3.0-ef833d8a/macos-arm64-native-interleaved/perp-state/200tps-10s-40lanes-chained-closed16-snapshot/run-08
2026-07-27T08:35:41.400Z,2.2.0-25b8bd2b,macos-arm64-native-interleaved,perp-state,200tps-10s-40lanes-chained-closed16-snapshot,run-08,GATE PASS,104,104,104,47.59504200000083,101.32820900000115,150.70712500000081,218.24804099999892,7.7,0,0,2.2.0-25b8bd2b/macos-arm64-native-interleaved/perp-state/200tps-10s-40lanes-chained-closed16-snapshot/run-08
2026-07-27T08:36:07.150Z,2.3.0-ef833d8a,macos-arm64-native-interleaved,perp-state,200tps-10s-40lanes-chained-closed16-snapshot,run-09,GATE PASS,104.4,104.4,104.4,54.54925000000003,106.14141700000073,150.7881669999988,204.74424999999974,7.8,0,0,2.3.0-ef833d8a/macos-arm64-native-interleaved/perp-state/200tps-10s-40lanes-chained-closed16-snapshot/run-09
2026-07-27T08:36:32.861Z,2.2.0-25b8bd2b,macos-arm64-native-interleaved,perp-state,200tps-10s-40lanes-chained-closed16-snapshot,run-09,GATE PASS,104.6,104.6,104.6,47.03599999999642,100.47616699999708,154.11812499999905,196.5296249999992,7.8,0,0,2.2.0-25b8bd2b/macos-arm64-native-interleaved/perp-state/200tps-10s-40lanes-chained-closed16-snapshot/run-09
2026-07-27T08:37:07.299Z,2.2.0-25b8bd2b,macos-arm64-native-interleaved,perp-state,200tps-10s-40lanes-chained-closed16-snapshot,run-10,GATE PASS,102.2,102.2,102.2,46.304707999999664,103.29958299999998,147.02933399999893,211.92370799999844,7.6,0,0,2.2.0-25b8bd2b/macos-arm64-native-interleaved/perp-state/200tps-10s-40lanes-chained-closed16-snapshot/run-10
2026-07-27T08:37:33.616Z,2.3.0-ef833d8a,macos-arm64-native-interleaved,perp-state,200tps-10s-40lanes-chained-closed16-snapshot,run-10,GATE PASS,101.9,101.9,101.9,50.11729100000048,108.52637500000128,150.33629199999996,204.50466600000073,7.8,0,0,2.3.0-ef833d8a/macos-arm64-native-interleaved/perp-state/200tps-10s-40lanes-chained-closed16-snapshot/run-10
2026-07-27T08:38:06.254Z,2.3.0-ef833d8a,macos-arm64-native-interleaved,noop-transfer,200tps-10s-40lanes-chained-closed16-snapshot,run-04,GATE PASS,116.7,116.7,116.7,55.42950000000019,102.99945900000057,132.59516599999915,155.37645799999973,8,0,0,2.3.0-ef833d8a/macos-arm64-native-interleaved/noop-transfer/200tps-10s-40lanes-chained-closed16-snapshot/run-04
2026-07-27T08:38:30.501Z,2.2.0-25b8bd2b,macos-arm64-native-interleaved,noop-transfer,200tps-10s-40lanes-chained-closed16-snapshot,run-04,GATE PASS,114.2,114.2,114.2,56.16766699999971,105.2916669999995,136.0749160000014,163.78829199999927,8,0,0,2.2.0-25b8bd2b/macos-arm64-native-interleaved/noop-transfer/200tps-10s-40lanes-chained-closed16-snapshot/run-04
2026-07-27T08:38:53.035Z,2.3.0-ef833d8a,macos-arm64-native-interleaved,noop-transfer,200tps-10s-40lanes-chained-closed16-snapshot,run-05,GATE PASS,118.2,118.2,118.2,53.731582999998864,100.86954200000037,131.85775000000103,147.64887500000077,8,0,0,2.3.0-ef833d8a/macos-arm64-native-interleaved/noop-transfer/200tps-10s-40lanes-chained-closed16-snapshot/run-05
2026-07-27T08:39:15.928Z,2.2.0-25b8bd2b,macos-arm64-native-interleaved,noop-transfer,200tps-10s-40lanes-chained-closed16-snapshot,run-05,GATE PASS,116.5,116.5,116.5,56.05883300000005,104.20391699999891,135.42250000000058,158.77637500000128,8,0,0,2.2.0-25b8bd2b/macos-arm64-native-interleaved/noop-transfer/200tps-10s-40lanes-chained-closed16-snapshot/run-05
2026-07-27T08:40:43.339Z,2.2.0-25b8bd2b,macos-arm64-native-interleaved,noop-transfer,200tps-10s-40lanes-chained-closed16-snapshot,run-06,GATE PASS,115.3,115.3,115.3,55.241165999999794,103.17545900000005,135.29674999999952,154.22408299999915,8,0,0,2.2.0-25b8bd2b/macos-arm64-native-interleaved/noop-transfer/200tps-10s-40lanes-chained-closed16-snapshot/run-06
2026-07-27T08:41:05.953Z,2.3.0-ef833d8a,macos-arm64-native-interleaved,noop-transfer,200tps-10s-40lanes-chained-closed16-snapshot,run-06,GATE PASS,117.3,117.3,117.3,55.615999999999985,103.73049999999967,133.6069580000003,149.64283299999988,8,0,0,2.3.0-ef833d8a/macos-arm64-native-interleaved/noop-transfer/200tps-10s-40lanes-chained-closed16-snapshot/run-06
2026-07-27T08:41:27.908Z,2.2.0-25b8bd2b,macos-arm64-native-interleaved,noop-transfer,200tps-10s-40lanes-chained-closed16-snapshot,run-07,GATE PASS,122.2,122.2,122.2,40.07916600000135,95.72383300000001,128.0270840000003,146.17820800000118,8,0,0,2.2.0-25b8bd2b/macos-arm64-native-interleaved/noop-transfer/200tps-10s-40lanes-chained-closed16-snapshot/run-07
2026-07-27T08:41:50.009Z,2.3.0-ef833d8a,macos-arm64-native-interleaved,noop-transfer,200tps-10s-40lanes-chained-closed16-snapshot,run-07,GATE PASS,121.3,121.3,121.3,53.31737500000054,99.41612499999974,129.55741599999965,144.2727079999995,8,0,0,2.3.0-ef833d8a/macos-arm64-native-interleaved/noop-transfer/200tps-10s-40lanes-chained-closed16-snapshot/run-07
2026-07-27T08:42:12.083Z,2.2.0-25b8bd2b,macos-arm64-native-interleaved,noop-transfer,200tps-10s-40lanes-chained-closed16-snapshot,run-08,GATE PASS,121.5,121.5,121.5,53.52833400000054,99.9355830000004,130.0614999999998,139.40666599999895,8,0,0,2.2.0-25b8bd2b/macos-arm64-native-interleaved/noop-transfer/200tps-10s-40lanes-chained-closed16-snapshot/run-08
2026-07-27T08:42:33.803Z,2.3.0-ef833d8a,macos-arm64-native-interleaved,noop-transfer,200tps-10s-40lanes-chained-closed16-snapshot,run-08,GATE PASS,123.9,123.9,123.9,52.193709000001036,98.25766600000134,127.60125000000153,141.47537499999999,8,0,0,2.3.0-ef833d8a/macos-arm64-native-interleaved/noop-transfer/200tps-10s-40lanes-chained-closed16-snapshot/run-08
2026-07-27T08:43:04.164Z,2.3.0-ef833d8a,macos-arm64-native-interleaved,noop-transfer,200tps-10s-40lanes-chained-closed16-snapshot,run-09,GATE PASS,118.5,118.5,118.5,53.89350000000013,101.94549999999981,133.0892500000009,145.0052080000005,8,0,0,2.3.0-ef833d8a/macos-arm64-native-interleaved/noop-transfer/200tps-10s-40lanes-chained-closed16-snapshot/run-09
2026-07-27T08:43:26.412Z,2.2.0-25b8bd2b,macos-arm64-native-interleaved,noop-transfer,200tps-10s-40lanes-chained-closed16-snapshot,run-09,GATE PASS,119.5,119.5,119.5,54.19775000000027,100.43979200000103,132.1252080000013,149.29141700000037,8,0,0,2.2.0-25b8bd2b/macos-arm64-native-interleaved/noop-transfer/200tps-10s-40lanes-chained-closed16-snapshot/run-09
2026-07-27T08:43:49.020Z,2.3.0-ef833d8a,macos-arm64-native-interleaved,noop-transfer,200tps-10s-40lanes-chained-closed16-snapshot,run-10,GATE PASS,118.1,118.1,118.1,54.444540999998935,101.730375000001,132.40654200000063,158.37579200000073,8,0,0,2.3.0-ef833d8a/macos-arm64-native-interleaved/noop-transfer/200tps-10s-40lanes-chained-closed16-snapshot/run-10
2026-07-27T08:44:11.354Z,2.2.0-25b8bd2b,macos-arm64-native-interleaved,noop-transfer,200tps-10s-40lanes-chained-closed16-snapshot,run-10,GATE PASS,118.8,118.8,118.8,53.96295800000007,100.32279199999903,132.14895799999977,147.00266600000032,8,0,0,2.2.0-25b8bd2b/macos-arm64-native-interleaved/noop-transfer/200tps-10s-40lanes-chained-closed16-snapshot/run-10
2026-07-27T09:40:41.414Z,2.0.0-e054c576,macos-arm64-il-200-vs-220,perp-state,200tps-10s-40lanes-chained-closed16-snapshot,run-01,GATE PASS,86.6,86.6,86.6,55.65104199999769,86.77662500000042,180.3834999999999,200.23291699999936,8,0,0,2.0.0-e054c576/macos-arm64-il-200-vs-220/perp-state/200tps-10s-40lanes-chained-closed16-snapshot/run-01
2026-07-27T09:41:07.530Z,2.2.0-25b8bd2b,macos-arm64-il-200-vs-220,perp-state,200tps-10s-40lanes-chained-closed16-snapshot,run-01,GATE PASS,102.3,102.3,102.3,44.784208000000945,99.9247919999998,147.35095799999908,212.3259169999983,7.7,0,0,2.2.0-25b8bd2b/macos-arm64-il-200-vs-220/perp-state/200tps-10s-40lanes-chained-closed16-snapshot/run-01
2026-07-27T09:41:37.350Z,2.0.0-e054c576,macos-arm64-il-200-vs-220,perp-state,200tps-10s-40lanes-chained-closed16-snapshot,run-02,GATE PASS,85.8,85.8,85.8,77.24858300000051,128.2970830000013,185.78412500000013,211.1245830000007,8,0,0,2.0.0-e054c576/macos-arm64-il-200-vs-220/perp-state/200tps-10s-40lanes-chained-closed16-snapshot/run-02
2026-07-27T09:42:03.395Z,2.2.0-25b8bd2b,macos-arm64-il-200-vs-220,perp-state,200tps-10s-40lanes-chained-closed16-snapshot,run-02,GATE PASS,102.6,102.6,102.6,44.01958399999785,94.83220900000015,147.6337080000012,200.61737500000163,7.7,0,0,2.2.0-25b8bd2b/macos-arm64-il-200-vs-220/perp-state/200tps-10s-40lanes-chained-closed16-snapshot/run-02
2026-07-27T09:42:41.073Z,2.2.0-25b8bd2b,macos-arm64-il-200-vs-220,perp-state,200tps-10s-40lanes-chained-closed16-snapshot,run-03,GATE PASS,99.4,99.4,99.4,48.37416699999994,104.04545799999869,153.15454200000022,209.99579099999937,7.5,0,0,2.2.0-25b8bd2b/macos-arm64-il-200-vs-220/perp-state/200tps-10s-40lanes-chained-closed16-snapshot/run-03
2026-07-27T09:43:10.821Z,2.0.0-e054c576,macos-arm64-il-200-vs-220,perp-state,200tps-10s-40lanes-chained-closed16-snapshot,run-03,GATE PASS,86.8,86.8,86.8,60.72650000000067,118.92091700000128,182.73979099999997,206.0221249999995,8,0,0,2.0.0-e054c576/macos-arm64-il-200-vs-220/perp-state/200tps-10s-40lanes-chained-closed16-snapshot/run-03
2026-07-27T09:43:37.543Z,2.2.0-25b8bd2b,macos-arm64-il-200-vs-220,perp-state,200tps-10s-40lanes-chained-closed16-snapshot,run-04,GATE PASS,99.8,99.8,99.8,55.867166,105.67733399999997,158.68370799999866,206.10029199999917,7.7,0,0,2.2.0-25b8bd2b/macos-arm64-il-200-vs-220/perp-state/200tps-10s-40lanes-chained-closed16-snapshot/run-04
2026-07-27T09:44:07.307Z,2.0.0-e054c576,macos-arm64-il-200-vs-220,perp-state,200tps-10s-40lanes-chained-closed16-snapshot,run-04,GATE PASS,86.3,86.3,86.3,61.83904199999961,120.09558300000026,183.24012500000026,234.7710420000003,8,0,0,2.0.0-e054c576/macos-arm64-il-200-vs-220/perp-state/200tps-10s-40lanes-chained-closed16-snapshot/run-04
2026-07-27T09:44:32.558Z,2.2.0-25b8bd2b,macos-arm64-il-200-vs-220,perp-state,200tps-10s-40lanes-chained-closed16-snapshot,run-05,GATE PASS,107.2,107.2,107.2,42.529082999999446,93.54612500000076,144.81025000000045,186.27916600000026,7.8,0,0,2.2.0-25b8bd2b/macos-arm64-il-200-vs-220/perp-state/200tps-10s-40lanes-chained-closed16-snapshot/run-05
2026-07-27T09:45:02.605Z,2.0.0-e054c576,macos-arm64-il-200-vs-220,perp-state,200tps-10s-40lanes-chained-closed16-snapshot,run-05,GATE PASS,85.1,85.1,85.1,75.72633300000052,128.83091700000114,185.97691699999814,207.21849999999904,8,0,0,2.0.0-e054c576/macos-arm64-il-200-vs-220/perp-state/200tps-10s-40lanes-chained-closed16-snapshot/run-05
2026-07-27T09:45:40.780Z,2.0.0-e054c576,macos-arm64-il-200-vs-220,perp-state,200tps-10s-40lanes-chained-closed16-snapshot,run-06,GATE PASS,85.6,85.6,85.6,74.40095800000017,126.80795800000124,186.28891699999986,208.71791699999812,8,0,0,2.0.0-e054c576/macos-arm64-il-200-vs-220/perp-state/200tps-10s-40lanes-chained-closed16-snapshot/run-06
2026-07-27T09:46:07.934Z,2.2.0-25b8bd2b,macos-arm64-il-200-vs-220,perp-state,200tps-10s-40lanes-chained-closed16-snapshot,run-06,GATE PASS,102.7,102.7,102.7,46.298000000000684,100.41570799999863,150.16766700000153,198.64766600000075,7.6,0,0,2.2.0-25b8bd2b/macos-arm64-il-200-vs-220/perp-state/200tps-10s-40lanes-chained-closed16-snapshot/run-06
2026-07-27T09:46:37.516Z,2.0.0-e054c576,macos-arm64-il-200-vs-220,perp-state,200tps-10s-40lanes-chained-closed16-snapshot,run-07,GATE PASS,86.9,86.9,86.9,69.59166699999696,121.07641599999988,180.93775000000096,204.14866699999948,8,0,0,2.0.0-e054c576/macos-arm64-il-200-vs-220/perp-state/200tps-10s-40lanes-chained-closed16-snapshot/run-07
2026-07-27T09:47:03.220Z,2.2.0-25b8bd2b,macos-arm64-il-200-vs-220,perp-state,200tps-10s-40lanes-chained-closed16-snapshot,run-07,GATE PASS,104.2,104.2,104.2,42.76679200000035,92.56379199999992,142.77612500000032,198.4933340000007,7.7,0,0,2.2.0-25b8bd2b/macos-arm64-il-200-vs-220/perp-state/200tps-10s-40lanes-chained-closed16-snapshot/run-07
2026-07-27T09:47:33.609Z,2.0.0-e054c576,macos-arm64-il-200-vs-220,perp-state,200tps-10s-40lanes-chained-closed16-snapshot,run-08,GATE PASS,84.5,84.5,84.5,78.59595900000022,134.32187499999964,190.31966699999975,243.6815000000006,8,0,0,2.0.0-e054c576/macos-arm64-il-200-vs-220/perp-state/200tps-10s-40lanes-chained-closed16-snapshot/run-08
2026-07-27T09:47:59.857Z,2.2.0-25b8bd2b,macos-arm64-il-200-vs-220,perp-state,200tps-10s-40lanes-chained-closed16-snapshot,run-08,GATE PASS,101.1,101.1,101.1,49.36275000000023,101.2215410000008,155.0874590000003,186.2622910000009,7.8,0,0,2.2.0-25b8bd2b/macos-arm64-il-200-vs-220/perp-state/200tps-10s-40lanes-chained-closed16-snapshot/run-08
2026-07-27T09:48:34.034Z,2.2.0-25b8bd2b,macos-arm64-il-200-vs-220,perp-state,200tps-10s-40lanes-chained-closed16-snapshot,run-09,GATE PASS,100.8,100.8,100.8,47.62875000000167,101.95924999999988,153.82979199999863,193.6487500000003,7.8,0,0,2.2.0-25b8bd2b/macos-arm64-il-200-vs-220/perp-state/200tps-10s-40lanes-chained-closed16-snapshot/run-09
2026-07-27T09:49:04.831Z,2.0.0-e054c576,macos-arm64-il-200-vs-220,perp-state,200tps-10s-40lanes-chained-closed16-snapshot,run-09,GATE PASS,82.6,82.6,82.6,78.6229170000006,143.02083400000083,188.86729200000082,254.74662499999977,8,0,0,2.0.0-e054c576/macos-arm64-il-200-vs-220/perp-state/200tps-10s-40lanes-chained-closed16-snapshot/run-09
2026-07-27T09:49:32.390Z,2.2.0-25b8bd2b,macos-arm64-il-200-vs-220,perp-state,200tps-10s-40lanes-chained-closed16-snapshot,run-10,GATE PASS,101.2,101.2,101.2,44.195959000000585,95.61179099999936,143.91958400000294,223.59345799999937,7.8,0,0,2.2.0-25b8bd2b/macos-arm64-il-200-vs-220/perp-state/200tps-10s-40lanes-chained-closed16-snapshot/run-10
2026-07-27T09:50:02.631Z,2.0.0-e054c576,macos-arm64-il-200-vs-220,perp-state,200tps-10s-40lanes-chained-closed16-snapshot,run-10,GATE PASS,85.9,85.9,85.9,75.31829199999993,125.59554199999911,182.54462500000045,216.06595799999923,8,0,0,2.0.0-e054c576/macos-arm64-il-200-vs-220/perp-state/200tps-10s-40lanes-chained-closed16-snapshot/run-10
2026-07-27T09:50:35.728Z,2.0.0-e054c576,macos-arm64-il-200-vs-220,noop-transfer,200tps-10s-40lanes-chained-closed16-snapshot,run-01,GATE PASS,114.1,114.1,114.1,57.47020900000098,105.64974999999868,138.95225000000028,159.06737500000054,8,0,0,2.0.0-e054c576/macos-arm64-il-200-vs-220/noop-transfer/200tps-10s-40lanes-chained-closed16-snapshot/run-01
2026-07-27T09:50:58.385Z,2.2.0-25b8bd2b,macos-arm64-il-200-vs-220,noop-transfer,200tps-10s-40lanes-chained-closed16-snapshot,run-01,GATE PASS,117,117,117,55.084375000000364,103.31766600000083,134.7156249999989,158.03991599999972,8,0,0,2.2.0-25b8bd2b/macos-arm64-il-200-vs-220/noop-transfer/200tps-10s-40lanes-chained-closed16-snapshot/run-01
2026-07-27T09:51:21.866Z,2.0.0-e054c576,macos-arm64-il-200-vs-220,noop-transfer,200tps-10s-40lanes-chained-closed16-snapshot,run-02,GATE PASS,112.9,112.9,112.9,57.885833000000275,107.2427090000001,137.11758299999929,166.71470799999952,8,0,0,2.0.0-e054c576/macos-arm64-il-200-vs-220/noop-transfer/200tps-10s-40lanes-chained-closed16-snapshot/run-02
2026-07-27T09:51:44.603Z,2.2.0-25b8bd2b,macos-arm64-il-200-vs-220,noop-transfer,200tps-10s-40lanes-chained-closed16-snapshot,run-02,GATE PASS,116.5,116.5,116.5,54.80383299999994,102.95991700000013,134.90316699999858,147.54791699999987,8,0,0,2.2.0-25b8bd2b/macos-arm64-il-200-vs-220/noop-transfer/200tps-10s-40lanes-chained-closed16-snapshot/run-02
2026-07-27T09:52:07.929Z,2.0.0-e054c576,macos-arm64-il-200-vs-220,noop-transfer,200tps-10s-40lanes-chained-closed16-snapshot,run-03,GATE PASS,113,113,113,59.26270900000054,107.39595800000097,140.70316699999967,158.65008399999897,8,0,0,2.0.0-e054c576/macos-arm64-il-200-vs-220/noop-transfer/200tps-10s-40lanes-chained-closed16-snapshot/run-03
2026-07-27T09:52:30.838Z,2.2.0-25b8bd2b,macos-arm64-il-200-vs-220,noop-transfer,200tps-10s-40lanes-chained-closed16-snapshot,run-03,GATE PASS,115.9,115.9,115.9,55.44708399999945,103.69608399999925,134.11704200000167,171.74754099999973,8,0,0,2.2.0-25b8bd2b/macos-arm64-il-200-vs-220/noop-transfer/200tps-10s-40lanes-chained-closed16-snapshot/run-03
2026-07-27T09:52:55.064Z,2.0.0-e054c576,macos-arm64-il-200-vs-220,noop-transfer,200tps-10s-40lanes-chained-closed16-snapshot,run-04,GATE PASS,109,109,109,60.08549999999923,111.06233299999985,140.87883299999976,178.96183399999973,8,0,0,2.0.0-e054c576/macos-arm64-il-200-vs-220/noop-transfer/200tps-10s-40lanes-chained-closed16-snapshot/run-04
2026-07-27T09:53:17.743Z,2.2.0-25b8bd2b,macos-arm64-il-200-vs-220,noop-transfer,200tps-10s-40lanes-chained-closed16-snapshot,run-04,GATE PASS,118.2,118.2,118.2,55.14416600000004,103.07854200000111,133.61820799999987,150.62929200000144,8,0,0,2.2.0-25b8bd2b/macos-arm64-il-200-vs-220/noop-transfer/200tps-10s-40lanes-chained-closed16-snapshot/run-04
2026-07-27T09:53:50.321Z,2.2.0-25b8bd2b,macos-arm64-il-200-vs-220,noop-transfer,200tps-10s-40lanes-chained-closed16-snapshot,run-05,GATE PASS,115.8,115.8,115.8,55.53712500000074,105.36245899999994,135.76587499999914,154.47562500000095,8,0,0,2.2.0-25b8bd2b/macos-arm64-il-200-vs-220/noop-transfer/200tps-10s-40lanes-chained-closed16-snapshot/run-05
2026-07-27T09:54:13.344Z,2.0.0-e054c576,macos-arm64-il-200-vs-220,noop-transfer,200tps-10s-40lanes-chained-closed16-snapshot,run-05,GATE PASS,115.4,115.4,115.4,56.896208000000115,104.77666600000066,136.08466699999917,149.22591699999975,8,0,0,2.0.0-e054c576/macos-arm64-il-200-vs-220/noop-transfer/200tps-10s-40lanes-chained-closed16-snapshot/run-05
2026-07-27T09:54:35.299Z,2.2.0-25b8bd2b,macos-arm64-il-200-vs-220,noop-transfer,200tps-10s-40lanes-chained-closed16-snapshot,run-06,GATE PASS,122.3,122.3,122.3,52.83379199999945,98.92312499999935,129.12395800000013,141.4148329999989,8,0,0,2.2.0-25b8bd2b/macos-arm64-il-200-vs-220/noop-transfer/200tps-10s-40lanes-chained-closed16-snapshot/run-06
2026-07-27T09:54:58.130Z,2.0.0-e054c576,macos-arm64-il-200-vs-220,noop-transfer,200tps-10s-40lanes-chained-closed16-snapshot,run-06,GATE PASS,115.6,115.6,115.6,56.15700000000106,104.5625,135.23799999999937,152.92962499999885,8,0,0,2.0.0-e054c576/macos-arm64-il-200-vs-220/noop-transfer/200tps-10s-40lanes-chained-closed16-snapshot/run-06
2026-07-27T09:55:20.117Z,2.2.0-25b8bd2b,macos-arm64-il-200-vs-220,noop-transfer,200tps-10s-40lanes-chained-closed16-snapshot,run-07,GATE PASS,121.7,121.7,121.7,53.53620799999953,99.4169579999998,129.957124999999,143.7323749999996,8,0,0,2.2.0-25b8bd2b/macos-arm64-il-200-vs-220/noop-transfer/200tps-10s-40lanes-chained-closed16-snapshot/run-07
2026-07-27T09:55:43.040Z,2.0.0-e054c576,macos-arm64-il-200-vs-220,noop-transfer,200tps-10s-40lanes-chained-closed16-snapshot,run-07,GATE PASS,115,115,115,57.02795799999876,105.19541600000048,136.34558300000026,153.13224999999875,8,0,0,2.0.0-e054c576/macos-arm64-il-200-vs-220/noop-transfer/200tps-10s-40lanes-chained-closed16-snapshot/run-07
2026-07-27T09:56:05.351Z,2.2.0-25b8bd2b,macos-arm64-il-200-vs-220,noop-transfer,200tps-10s-40lanes-chained-closed16-snapshot,run-08,GATE PASS,119.2,119.2,119.2,52.853665999999976,100.11695800000052,130.83024999999907,147.76708300000064,8,0,0,2.2.0-25b8bd2b/macos-arm64-il-200-vs-220/noop-transfer/200tps-10s-40lanes-chained-closed16-snapshot/run-08
2026-07-27T09:56:28.138Z,2.0.0-e054c576,macos-arm64-il-200-vs-220,noop-transfer,200tps-10s-40lanes-chained-closed16-snapshot,run-08,GATE PASS,116.1,116.1,116.1,56.19537500000115,104.13608399999976,136.8572920000006,150.8664579999986,8,0,0,2.0.0-e054c576/macos-arm64-il-200-vs-220/noop-transfer/200tps-10s-40lanes-chained-closed16-snapshot/run-08
2026-07-27T09:56:59.441Z,2.0.0-e054c576,macos-arm64-il-200-vs-220,noop-transfer,200tps-10s-40lanes-chained-closed16-snapshot,run-09,GATE PASS,116.6,116.6,116.6,55.96445800000038,102.87033300000076,135.05808400000024,151.25224999999955,8,0,0,2.0.0-e054c576/macos-arm64-il-200-vs-220/noop-transfer/200tps-10s-40lanes-chained-closed16-snapshot/run-09
2026-07-27T09:57:21.535Z,2.2.0-25b8bd2b,macos-arm64-il-200-vs-220,noop-transfer,200tps-10s-40lanes-chained-closed16-snapshot,run-09,GATE PASS,120.8,120.8,120.8,53.38054100000045,100.46216600000116,130.07758399999966,165.72045799999978,8,0,0,2.2.0-25b8bd2b/macos-arm64-il-200-vs-220/noop-transfer/200tps-10s-40lanes-chained-closed16-snapshot/run-09
2026-07-27T09:57:44.270Z,2.0.0-e054c576,macos-arm64-il-200-vs-220,noop-transfer,200tps-10s-40lanes-chained-closed16-snapshot,run-10,GATE PASS,116.3,116.3,116.3,55.88645800000086,103.41187499999978,134.59729199999947,152.0176250000004,8,0,0,2.0.0-e054c576/macos-arm64-il-200-vs-220/noop-transfer/200tps-10s-40lanes-chained-closed16-snapshot/run-10
2026-07-27T09:58:06.194Z,2.2.0-25b8bd2b,macos-arm64-il-200-vs-220,noop-transfer,200tps-10s-40lanes-chained-closed16-snapshot,run-10,GATE PASS,122,122,122,50.30645900000127,97.26924999999937,128.61387500000092,141.21204100000068,8,0,0,2.2.0-25b8bd2b/macos-arm64-il-200-vs-220/noop-transfer/200tps-10s-40lanes-chained-closed16-snapshot/run-10
